Chip,Accessor/Scanner,Period,Aggregate_status,Status,Scan_status,Success_count,Failure_count,Value,Emit_signal_count,Error
Smc_CpuBrdSMC_0101,Scanner_BCUPwrOnTimeOut_01010118,400,true,0,1,56918,0,0,1,
Smc_CpuBrdSMC_0101,Scanner_CpuMosTempHigh_2_010101,1000,true,0,1,18974,0,0,1,
Smc_CpuBrdSMC_0101,Scanner_SysRstDetected_010101,400,true,0,1,56921,0,0,5,
Smc_CpuBrdSMC_0101,Scanner_B4a_010101,400,true,0,1,56921,0,0,1,
Smc_CpuBrdSMC_0101,Scanner_100M4ClockFailMntr_010101,400,true,0,1,56857,0,0,1,
Smc_CpuBrdSMC_0101,Scanner_D4b_010101,400,true,0,1,56921,0,1,2,
Smc_CpuBrdSMC_0101,Scanner_100M1ClockFailMntr_010101,400,true,0,1,56857,0,0,1,
Smc_CpuBrdSMC_0101,Scanner_D5a_010101,400,true,0,1,56921,0,1,2,
Smc_CpuBrdSMC_0101,Scanner_CpuBoard_Temp_010101,1000,true,0,1,18974,0,32,65,
Smc_CpuBrdSMC_0101,Scanner_D6a_010101,400,true,0,1,56921,0,1,2,
Smc_CpuBrdSMC_0101,Scanner_100M0ClockFailMntr_010101,400,true,0,1,56857,0,0,1,
Smc_CpuBrdSMC_0101,Scanner_SystemCPUErrorRestart_010101,1000,true,0,1,18974,0,0,1,
Smc_CpuBrdSMC_0101,Scanner_Cpu1CATERRAccessor_010101,400,true,0,1,56921,0,0,1,
Smc_CpuBrdSMC_0101,Scanner_A1a_010101,400,true,0,1,56921,0,1,2,
Smc_CpuBrdSMC_0101,Scanner_3v1_010101,3000,true,0,1,7107,0,2704,37,
Smc_CpuBrdSMC_0101,Scanner_CpuMosTempHigh_4_010101,1000,true,0,1,18974,0,0,1,
Smc_CpuBrdSMC_0101,Scanner_C5a_010101,400,true,0,1,56921,0,0,1,
Smc_CpuBrdSMC_0101,Scanner_3v2_010101,3000,true,0,1,7107,0,0,2,
Smc_CpuBrdSMC_0101,Scanner_TPMPresence_010101,8000,true,0,1,2848,0,0,1,
Smc_CpuBrdSMC_0101,Scanner_Cpu2CATERRAccessor_010101,400,true,0,1,56921,0,0,1,
Smc_CpuBrdSMC_0101,Scanner_A2c_010101,400,true,0,1,56921,0,0,1,
Smc_CpuBrdSMC_0101,Scanner_100M3ClockFailMntr_010101,400,true,0,1,56857,0,0,1,
Smc_CpuBrdSMC_0101,Scanner_A3a_010101,400,true,0,1,56921,0,0,1,
Smc_CpuBrdSMC_0101,Scanner_Cpu1ThermalTripAccessor_010101,400,true,0,1,56921,0,0,1,
Smc_CpuBrdSMC_0101,Scanner_B4c_010101,400,true,0,1,56921,0,0,1,
Smc_CpuBrdSMC_0101,Scanner_A4a_010101,400,true,0,1,56921,0,0,1,
Smc_CpuBrdSMC_0101,Scanner_5v_010101,3000,true,0,1,7107,0,2032,2,
Smc_CpuBrdSMC_0101,Scanner_pwr3_010101,1000,true,0,1,18953,0,960,49,
Smc_CpuBrdSMC_0101,Scanner_R100MClockFrequencyOffset_1_0101011A,5000,true,0,1,4374,0,0,1,
Smc_CpuBrdSMC_0101,Scanner_CPUStatus_010101,1000,true,0,1,18974,0,257,2,
Smc_CpuBrdSMC_0101,Scanner_R100MClockFrequencyOffset_3_0101011A,5000,true,0,1,4374,0,0,1,
Smc_CpuBrdSMC_0101,Scanner_SystemStatus_010101,1000,true,0,1,18974,0,0,1,
Smc_CpuBrdSMC_0101,Scanner_R100MClockFrequencyOffset_4_0101011A,5000,true,0,1,4374,0,0,1,
Smc_CpuBrdSMC_0101,Scanner_12v2_010101,3000,true,0,1,7107,0,2480,3,
Smc_CpuBrdSMC_0101,Scanner_R100MClockFrequencyOffset_0_0101011A,5000,true,0,1,4374,0,0,1,
Smc_CpuBrdSMC_0101,Scanner_32kClockFailMntr_010101,400,true,0,1,56921,0,0,1,
Smc_CpuBrdSMC_0101,Scanner_Dftenabled_010101,4000,true,0,1,5694,0,0,1,
Smc_CpuBrdSMC_0101,Scanner_Cpu2ProcessorHotAccessor_010101,400,true,0,1,56921,0,0,1,
Smc_CpuBrdSMC_0101,Scanner_9545iic_010101,1000,false,3,0,27,0,0,1,
Smc_CpuBrdSMC_0101,Scanner_EXU2BCUHisport_0_0101011A,5000,true,0,1,4381,0,0,1,
Smc_CpuBrdSMC_0101,Scanner_CpuMosTempHigh_1_010101,1000,true,0,1,18974,0,0,1,
Smc_CpuBrdSMC_0101,Scanner_R100MClockFrequencyOffset_6_0101011A,5000,true,0,1,4374,0,0,1,
Smc_CpuBrdSMC_0101,Scanner_CpuMosTempHigh_3_010101,1000,true,0,1,18974,0,0,1,
Smc_CpuBrdSMC_0101,Scanner_R156M25ClockFrequencyOffset_0101011A,5000,true,0,1,4374,0,0,1,
Smc_CpuBrdSMC_0101,Scanner_100M5ClockFailMntr_010101,400,true,0,1,56857,0,0,1,
Smc_CpuBrdSMC_0101,Scanner_Cpu1ProcessorHotAccessor_010101,400,true,0,1,56921,0,0,1,
Smc_CpuBrdSMC_0101,Scanner_ChassisCoverStatus_0101,5000,false,0,1,6984,0,0,1,
Smc_CpuBrdSMC_0101,Scanner_SensorStatus_1_010101,1000,true,0,1,18953,0,0,1,
Smc_CpuBrdSMC_0101,Scanner_100M6ClockFailMntr_010101,400,true,0,1,56857,0,0,1,
Smc_CpuBrdSMC_0101,Scanner_12v3_010101,3000,true,0,1,7107,0,2480,2,
Smc_CpuBrdSMC_0101,Scanner_ChassisIntrusionACOn_0101,5000,false,0,1,6984,0,0,1,
Smc_CpuBrdSMC_0101,Scanner_C7b_010101,400,true,0,1,56921,0,1,2,
Smc_CpuBrdSMC_0101,Scanner_D7a_010101,400,true,0,1,56921,0,1,2,
Smc_CpuBrdSMC_0101,Scanner_Cpu2ThermalTripAccessor_010101,400,true,0,1,56921,0,0,1,
Smc_CpuBrdSMC_0101,Scanner_vid_010101,10000,true,0,1,4555,0,4,2,
Smc_CpuBrdSMC_0101,Scanner_vid_0101011A,10000,true,0,1,4555,0,4,2,
Smc_CpuBrdSMC_0101,Scanner_BCUHisport_0_0101011A,5000,true,0,1,4381,0,0,1,
Smc_CpuBrdSMC_0101,Scanner_B3c_010101,400,true,0,1,56921,0,0,1,
Smc_CpuBrdSMC_0101,Scanner_SyncSignalAbnormal_0101011A,5000,true,0,1,4374,0,0,1,
Smc_CpuBrdSMC_0101,Scanner_A1c_010101,400,true,0,1,56921,0,1,2,
Smc_CpuBrdSMC_0101,Scanner_B2a_010101,400,true,0,1,56921,0,0,1,
Smc_CpuBrdSMC_0101,Scanner_A2a_010101,400,true,0,1,56921,0,0,1,
Smc_CpuBrdSMC_0101,Scanner_ChassisIntrusionACOff_0101,5000,false,0,1,6984,0,0,1,
Smc_CpuBrdSMC_0101,Scanner_EXU2BCUHisport_1_0101011A,5000,true,0,1,4381,0,0,1,
Smc_CpuBrdSMC_0101,Scanner_C6a_010101,400,true,0,1,56921,0,0,1,
Smc_CpuBrdSMC_0101,Scanner_Cpld1Status_0101011A,5000,true,0,1,4381,0,0,1,
Smc_CpuBrdSMC_0101,Scanner_pwr4_010101,1000,true,0,1,37905,0,34,4448,
Smc_CpuBrdSMC_0101,Scanner_MemPower_0101011A,1000,true,0,1,37905,0,34,964,
Smc_CpuBrdSMC_0101,Scanner_R100MClockFrequencyOffset_5_0101011A,5000,true,0,1,4374,0,0,1,
Smc_CpuBrdSMC_0101,Scanner_C4a_010101,400,true,0,1,56921,0,0,1,
Smc_CpuBrdSMC_0101,Scanner_12v1_010101,3000,true,0,1,7107,0,2480,2,
Smc_CpuBrdSMC_0101,Scanner_CpuType_010101,400,false,0,1,56921,0,4,2,
Smc_CpuBrdSMC_0101,Scanner_B3a_010101,400,true,0,1,56921,0,0,1,
Smc_CpuBrdSMC_0101,Scanner_BCUHisport_1_0101011A,5000,true,0,1,4381,0,0,1,
Smc_CpuBrdSMC_0101,Scanner_RTCBatteryMntr_010101,10000,true,0,1,2279,0,1926,560,
Smc_CpuBrdSMC_0101,Scanner_MemPwrSensorStatus_0101011A,2000,true,0,1,11371,0,0,1,
Smc_CpuBrdSMC_0101,Scanner_pwr2_010101,1000,true,0,1,18953,0,1024,6861,
Smc_CpuBrdSMC_0101,Scanner_SystemClockOutputTimeOut_0101011A,5000,true,0,1,4374,0,0,1,
Smc_CpuBrdSMC_0101,Scanner_156M25ClockFailMntr_010101,400,true,0,1,56857,0,0,1,
Smc_CpuBrdSMC_0101,Scanner_BCUPwrSigDrop_01010118,400,true,0,1,56918,0,0,1,
Smc_CpuBrdSMC_0101,Scanner_B1a_010101,400,true,0,1,56921,0,0,1,
Chip_Gpio_74_01,Scanner_Gpio74_01,1000,false,0,1,37658,0,1,1,
Chip_SSD_01010D0101,Scanner_SSD_Enabled_01010D0101,2000,true,0,1,15529,0,9223372036854775807,23,
Chip_SSD_01010D0101,Scanner_SSD_Fault_01010D0101,2000,true,0,1,15529,0,187,1,
Chip_SSD_01010D0101,Scanner_Remtime_01010D0101,2000,true,0,1,15529,0,0,1,
Chip_SSD_01010D0101,Scanner_SSD_Pre_Fault_01010D0101,2000,true,0,1,15529,0,255,1,
Smc_EnclSMC_01010C,Scanner_Drive1PresentAccessor_01010C,2000,false,0,1,15610,0,1,1,
Smc_EnclSMC_01010C,Scanner_Drive2LocateAccessor_01010C,2000,false,0,1,15607,0,0,3,
Smc_EnclSMC_01010C,Scanner_Drive1ActivationAccessor_01010C,5000,false,0,1,7023,0,1,25,
Smc_EnclSMC_01010C,Scanner_Drive0PresentAccessor_01010C,2000,false,0,1,15595,0,1,1,
Smc_EnclSMC_01010C,Scanner_Drive2FalutAccessor_01010C,2000,false,0,1,15606,0,0,1,
Smc_EnclSMC_01010C,Scanner_Drive0LocateAccessor_01010C,2000,false,0,1,15595,0,0,3,
Smc_EnclSMC_01010C,Scanner_Drive2ActivationAccessor_01010C,5000,false,0,1,7025,0,1,23,
Smc_EnclSMC_01010C,Scanner_Drive0ActivationAccessor_01010C,5000,false,0,1,7025,0,1,37,
Smc_EnclSMC_01010C,Scanner_HddBackplaneMosTempHigh_1_01010C,1000,false,0,1,27282,0,0,1,
Smc_EnclSMC_01010C,Scanner_Drive1FalutAccessor_01010C,2000,false,0,1,15609,0,0,1,
Smc_EnclSMC_01010C,Scanner_Drive1LocateAccessor_01010C,2000,false,0,1,15609,0,0,3,
Smc_EnclSMC_01010C,Scanner_Drive3FalutAccessor_01010C,2000,false,0,1,15612,0,0,1,
Smc_EnclSMC_01010C,Scanner_DiskBPPwrOnTimeOut_01010C,2000,false,1,1,0,630,0,0,
Smc_EnclSMC_01010C,Scanner_Drive2PresentAccessor_01010C,2000,false,0,1,15607,0,1,1,
Smc_EnclSMC_01010C,Scanner_DiskBPPwrFault_01010C,2000,false,0,1,15449,0,0,1,
Smc_EnclSMC_01010C,Scanner_Drive3PresentAccessor_01010C,2000,false,0,1,15612,0,1,1,
Smc_EnclSMC_01010C,Scanner_Drive0FalutAccessor_01010C,2000,false,0,1,15595,0,0,1,
Smc_EnclSMC_01010C,Scanner_Drive3ActivationAccessor_01010C,5000,false,0,1,7018,0,1,19,
Smc_EnclSMC_01010C,Scanner_Drive3LocateAccessor_01010C,2000,false,0,1,15612,0,0,3,
Smc_EnclSMC_010102,Scanner_Drive3ActivationAccessor_010102,5000,false,0,1,7076,0,1,19,
Smc_EnclSMC_010102,Scanner_Drive2FalutAccessor_010102,2000,false,0,1,15863,0,0,1,
Smc_EnclSMC_010102,Scanner_Drive0PresentAccessor_010102,2000,false,0,1,15867,0,1,1,
Smc_EnclSMC_010102,Scanner_Drive2PresentAccessor_010102,2000,false,0,1,15863,0,1,1,
Smc_EnclSMC_010102,Scanner_HddBackplaneMosTempHigh_1_010102,1000,false,0,1,28296,0,0,1,
Smc_EnclSMC_010102,Scanner_Drive2LocateAccessor_010102,2000,false,0,1,15864,0,0,3,
Smc_EnclSMC_010102,Scanner_Drive3LocateAccessor_010102,2000,false,0,1,15858,0,0,3,
Smc_EnclSMC_010102,Scanner_Drive2ActivationAccessor_010102,5000,false,0,1,7066,0,1,29,
Smc_EnclSMC_010102,Scanner_Drive1ActivationAccessor_010102,5000,false,0,1,7068,0,1,41,
Smc_EnclSMC_010102,Scanner_Drive0ActivationAccessor_010102,5000,false,0,1,7068,0,1,9,
Smc_EnclSMC_010102,Scanner_Drive3PresentAccessor_010102,2000,false,0,1,15858,0,1,1,
Smc_EnclSMC_010102,Scanner_Drive1PresentAccessor_010102,2000,false,0,1,15860,0,1,1,
Smc_EnclSMC_010102,Scanner_Drive0LocateAccessor_010102,2000,false,0,1,15867,0,0,3,
Smc_EnclSMC_010102,Scanner_Drive1FalutAccessor_010102,2000,false,0,1,15860,0,0,1,
Smc_EnclSMC_010102,Scanner_Drive1LocateAccessor_010102,2000,false,0,1,15860,0,0,3,
Smc_EnclSMC_010102,Scanner_DiskBPPwrFault_010102,2000,false,0,1,15720,0,0,1,
Smc_EnclSMC_010102,Scanner_DiskBPPwrOnTimeOut_010102,2000,false,1,1,0,631,0,0,
Smc_EnclSMC_010102,Scanner_Drive3FalutAccessor_010102,2000,false,0,1,15858,0,0,1,
Smc_EnclSMC_010102,Scanner_Drive0FalutAccessor_010102,2000,false,0,1,15867,0,0,1,
Chip_Temp_01010D0201,Scanner_Temp_01010D0201,2000,false,0,1,15395,0,44,634,
Chip_Temp_01010D0201,Scanner_Temp_01010D0202,2000,false,0,1,15393,0,44,634,
Chip_Temp_01010D0101,Scanner_Temp_01010D0101,2000,false,0,1,15529,0,41,1097,
Chip_Temp_01010D0101,Scanner_Temp_01010D0102,2000,false,0,1,15527,0,41,1097,
Smc_EnclSMC_01010D,Scanner_Drive0LocateAccessor_01010D,2000,false,0,1,15449,0,0,1,
Smc_EnclSMC_01010D,Scanner_Drive2FalutAccessor_01010D,2000,false,0,1,15445,0,0,1,
Smc_EnclSMC_01010D,Scanner_Drive1PresentAccessor_01010D,2000,false,0,1,15440,0,1,1,
Smc_EnclSMC_01010D,Scanner_Drive1ActivationAccessor_01010D,5000,false,0,1,6999,0,1,1,
Smc_EnclSMC_01010D,Scanner_Drive2LocateAccessor_01010D,2000,false,0,1,15445,0,0,1,
Smc_EnclSMC_01010D,Scanner_Drive3LocateAccessor_01010D,2000,false,0,1,15427,0,0,1,
Smc_EnclSMC_01010D,Scanner_Drive0FalutAccessor_01010D,2000,false,0,1,15448,0,0,1,
Smc_EnclSMC_01010D,Scanner_Drive3FalutAccessor_01010D,2000,false,0,1,15427,0,0,1,
Smc_EnclSMC_01010D,Scanner_Drive0ActivationAccessor_01010D,5000,false,0,1,7002,0,1,1,
Smc_EnclSMC_01010D,Scanner_Drive3ActivationAccessor_01010D,5000,false,0,1,7004,0,1,1,
Smc_EnclSMC_01010D,Scanner_Drive2PresentAccessor_01010D,2000,false,0,1,15446,0,0,1,
Smc_EnclSMC_01010D,Scanner_Drive3PresentAccessor_01010D,2000,false,0,1,15427,0,0,1,
Smc_EnclSMC_01010D,Scanner_Drive3PCIeType_01010D,2000,false,0,1,15446,0,0,1,
Smc_EnclSMC_01010D,Scanner_Drive1LocateAccessor_01010D,2000,false,0,1,15440,0,0,1,
Smc_EnclSMC_01010D,Scanner_Drive1PCIeType_01010D,2000,false,0,1,15449,0,1,1,
Smc_EnclSMC_01010D,Scanner_Drive1FalutAccessor_01010D,2000,false,0,1,15440,0,0,1,
Smc_EnclSMC_01010D,Scanner_Drive2PCIeType_01010D,2000,false,0,1,15440,0,1,1,
Smc_EnclSMC_01010D,Scanner_Drive2ActivationAccessor_01010D,5000,false,0,1,6993,0,1,1,
Smc_EnclSMC_01010D,Scanner_DiskBPPwrOnTimeOut_01010D,2000,false,0,1,15257,0,0,1,
Smc_EnclSMC_01010D,Scanner_Drive4PCIeType_01010D,2000,false,0,1,15427,0,0,1,
Smc_EnclSMC_01010D,Scanner_Drive0PresentAccessor_01010D,2000,false,0,1,15449,0,1,1,
Chip_Virtual_SSD_01010D02,Scanner_SSD_ReadVPDFail_01010D0201,5000,false,0,1,6991,0,1,1,
Chip_SSD_01010D0201,Scanner_Remtime_01010D0201,2000,true,0,1,15395,0,0,1,
Chip_SSD_01010D0201,Scanner_SSD_Pre_Fault_01010D0201,2000,true,0,1,15395,0,255,1,
Chip_SSD_01010D0201,Scanner_SSD_Enabled_01010D0201,2000,true,0,1,15395,0,9223372036854775807,20,
Chip_SSD_01010D0201,Scanner_SSD_Fault_01010D0201,2000,true,0,1,15395,0,187,1,
Chip_Virtual_SSD_01010D01,Scanner_SSD_ReadVPDFail_01010D0101,5000,false,0,1,7019,0,1,1,
Lm75_1_010105,Scanner_NicLm75_010105,1000,false,0,1,24443,0,26,40,
Chip_UsbCc_On_0101,Scanner_CcChipOnAttachStatus_0101,1000,false,1,1,0,635,0,0,
Chip_UsbCc_Sgm_0101,Scanner_CcChipSgmAttachStatus_0101,1000,false,1,1,0,635,0,0,
Lm75_InletTemp_0101,Scanner_Lm75_Inlet_0101,1000,false,0,1,37641,0,22,741,
Smc_FanBoardSMC_2_0101,Scanner_Smc_FanBoardSMC_Fan12_FSpeed_010104,1000,false,0,1,34352,0,6060,6940,
Smc_FanBoardSMC_2_0101,Scanner_Fan_FSpeed_01010416,1000,false,0,1,34284,0,6060,6935,
Smc_FanBoardSMC_2_0101,Scanner_Smc_FanBoardSMC_Fan13_RSpeed_010104,1000,false,0,1,34351,0,4620,21,
Smc_FanBoardSMC_2_0101,Scanner_Fan_RSpeed_01010418,1000,false,0,1,34283,0,4620,4,
Smc_FanBoardSMC_2_0101,Scanner_Smc_FanBoardSMC_Fan12_Presence_010104,2000,false,0,1,17826,0,1,1,
Smc_FanBoardSMC_2_0101,Scanner_Fan_Presence_01010416,2000,false,0,1,17778,0,1,1,
Smc_FanBoardSMC_2_0101,Scanner_Smc_FanBoardSMC_Fan10_FSpeed_010104,1000,false,0,1,34352,0,6120,26901,
Smc_FanBoardSMC_2_0101,Scanner_Fan_FSpeed_01010412,1000,false,0,1,34285,0,6120,26895,
Smc_FanBoardSMC_2_0101,Scanner_Smc_FanBoardSMC_Fan9_FSpeed_010104,1000,false,0,1,34352,0,6060,10057,
Smc_FanBoardSMC_2_0101,Scanner_Fan_FSpeed_01010410,1000,false,0,1,34285,0,6060,10052,
Smc_FanBoardSMC_2_0101,Scanner_Smc_FanBoardSMC_Fan9_RSpeed_010104,1000,false,0,1,34352,0,4620,17,
Smc_FanBoardSMC_2_0101,Scanner_Fan_RSpeed_01010410,1000,false,0,1,34285,0,4620,5,
Smc_FanBoardSMC_2_0101,Scanner_Smc_FanBoardSMC_Fan9_Presence_010104,2000,false,0,1,17825,0,1,1,
Smc_FanBoardSMC_2_0101,Scanner_Fan_Presence_01010410,2000,false,0,1,17777,0,1,1,
Smc_FanBoardSMC_2_0101,Scanner_Smc_FanBoardSMC_FanBrdTemp_010104,2000,false,0,1,17844,0,20,440,
Smc_FanBoardSMC_2_0101,Scanner_Smc_FanBoardSMC_FanPwr1_010104,2000,false,0,1,17824,0,215,9166,
Smc_FanBoardSMC_2_0101,Scanner_Smc_FanBoardSMC_FanPwr2_010104,2000,false,0,1,17825,0,157,8547,
Smc_FanBoardSMC_2_0101,Scanner_Smc_FanBoardSMC_Fan13_Presence_010104,2000,false,0,1,17825,0,1,1,
Smc_FanBoardSMC_2_0101,Scanner_Fan_Presence_01010418,2000,false,0,1,17776,0,1,1,
Smc_FanBoardSMC_2_0101,Scanner_Smc_FanBoardSMC_Fan13_FSpeed_010104,1000,false,0,1,34351,0,6060,25770,
Smc_FanBoardSMC_2_0101,Scanner_Fan_FSpeed_01010418,1000,false,0,1,34283,0,6060,25764,
Smc_FanBoardSMC_2_0101,Scanner_Smc_FanBoardSMC_Fan11_RSpeed_010104,1000,false,0,1,34351,0,4620,24,
Smc_FanBoardSMC_2_0101,Scanner_Fan_RSpeed_01010414,1000,false,0,1,34284,0,4620,5,
Smc_FanBoardSMC_2_0101,Scanner_Smc_FanBoardSMC_Fan12_RSpeed_010104,1000,false,0,1,34352,0,4620,26,
Smc_FanBoardSMC_2_0101,Scanner_Fan_RSpeed_01010416,1000,false,0,1,34284,0,4620,4,
Smc_FanBoardSMC_2_0101,Scanner_Smc_FanBoardSMC_Fan11_FSpeed_010104,1000,false,0,1,34351,0,6060,126,
Smc_FanBoardSMC_2_0101,Scanner_Fan_FSpeed_01010414,1000,false,0,1,34284,0,6060,102,
Smc_FanBoardSMC_2_0101,Scanner_Smc_FanBoardSMC_Fan10_Presence_010104,2000,false,0,1,17826,0,1,1,
Smc_FanBoardSMC_2_0101,Scanner_Fan_Presence_01010412,2000,false,0,1,17779,0,1,1,
Smc_FanBoardSMC_2_0101,Scanner_Smc_FanBoardSMC_Fan11_Presence_010104,2000,false,0,1,17825,0,1,1,
Smc_FanBoardSMC_2_0101,Scanner_Fan_Presence_01010414,2000,false,0,1,17777,0,1,1,
Smc_FanBoardSMC_2_0101,Scanner_Smc_FanBoardSMC_Fan10_RSpeed_010104,1000,false,0,1,34352,0,4620,37,
Smc_FanBoardSMC_2_0101,Scanner_Fan_RSpeed_01010412,1000,false,0,1,34285,0,4620,4,
Chip_Gpio_31_01,Scanner_Gpio31_01,3000,false,0,1,12625,0,1,1,
Smc_ExpBoardSMC_0101,Scanner_PowerGd_0101,100,false,0,1,87504,0,1,2,
Smc_ExpBoardSMC_0101,Scanner_PowerGood_01010A,100,false,0,1,87503,0,1,2,
Smc_ExpBoardSMC_0101,Scanner_PowerGd_010105,100,false,0,1,87503,0,1,2,
Smc_ExpBoardSMC_0101,Scanner_PowerGood_010105,100,false,0,1,87503,0,1,2,
Smc_ExpBoardSMC_0101,Scanner_PowerGood_010101,100,false,0,1,87498,0,1,2,
Smc_ExpBoardSMC_0101,Scanner_PowerGood_0101011A,100,false,0,1,87489,0,1,2,
Smc_ExpBoardSMC_0101,Scanner_PowerGood_01010F03,100,false,0,1,87483,0,1,2,
Smc_ExpBoardSMC_0101,Scanner_PowerGood_01010F02,100,false,0,1,87481,0,1,2,
Smc_ExpBoardSMC_0101,Scanner_PowerGood_01010F01,100,false,0,1,87481,0,1,2,
Smc_ExpBoardSMC_0101,Scanner_PowerGood_01011002,100,false,0,1,87480,0,1,2,
Smc_ExpBoardSMC_0101,Scanner_PowerGood_01011003,100,false,0,1,87478,0,1,2,
Smc_ExpBoardSMC_0101,Scanner_PowerGood_01011001,100,false,0,1,87476,0,1,2,
Smc_ExpBoardSMC_0101,Scanner_Smc_ExpBoardSMC_PowerGood_010103,100,false,0,1,87475,0,1,2,
Smc_ExpBoardSMC_0101,Scanner_PowerGood_010102,100,false,0,1,87469,0,1,2,
Smc_ExpBoardSMC_0101,Scanner_PowerGood_01010C,100,false,0,1,87466,0,1,2,
Smc_ExpBoardSMC_0101,Scanner_PowerGood_01010D,100,false,0,1,87458,0,1,2,
Smc_ExpBoardSMC_0101,Scanner_Smc_ExpBoardSMC_PowerGood_010104,100,false,0,1,87436,0,1,2,
Smc_ExpBoardSMC_0101,Scanner_PowerGood_01010302,100,false,0,1,86985,0,1,1,
Smc_ExpBoardSMC_0101,Scanner_PowerGood_0101030E,100,false,0,1,86983,0,1,1,
Smc_ExpBoardSMC_0101,Scanner_PowerGood_0101030C,100,false,0,1,86982,0,1,1,
Smc_ExpBoardSMC_0101,Scanner_PowerGood_0101030A,100,false,0,1,86981,0,1,1,
Smc_ExpBoardSMC_0101,Scanner_PowerGood_01010308,100,false,0,1,86979,0,1,1,
Smc_ExpBoardSMC_0101,Scanner_PowerGood_01010304,100,false,0,1,86979,0,1,1,
Smc_ExpBoardSMC_0101,Scanner_PowerGood_01010306,100,false,0,1,86978,0,1,1,
Smc_ExpBoardSMC_0101,Scanner_PowerGood_01010300,100,false,0,1,86976,0,1,1,
Smc_ExpBoardSMC_0101,Scanner_PowerGood_01010412,100,false,0,1,86894,0,1,1,
Smc_ExpBoardSMC_0101,Scanner_PowerGood_01010414,100,false,0,1,86893,0,1,1,
Smc_ExpBoardSMC_0101,Scanner_PowerGood_01010410,100,false,0,1,86891,0,1,1,
Smc_ExpBoardSMC_0101,Scanner_PowerGood_01010416,100,false,0,1,86888,0,1,1,
Smc_ExpBoardSMC_0101,Scanner_PowerGood_01010418,100,false,0,1,86885,0,1,1,
Smc_ExpBoardSMC_0101,Scanner_Smc_ExpBoardSMC_PS3Pres_01010F,2000,false,0,1,16192,0,1,1,
Smc_ExpBoardSMC_0101,Scanner_CpuBrdPresenceMntr_0101,8000,false,0,1,4545,0,1,1,
Smc_ExpBoardSMC_0101,Scanner_EXUPwrSigDrop_0101,400,false,0,1,51319,0,0,1,
Smc_ExpBoardSMC_0101,Scanner_Smc_ExpBoardSMC_PS1Pres_01010F,2000,false,0,1,16192,0,1,1,
Smc_ExpBoardSMC_0101,Scanner_Switch_Mode_0101,1000,false,0,1,28284,0,8,3,
Smc_ExpBoardSMC_0101,Scanner_ECUSys12V1_0101,3000,false,0,1,11306,0,1819,7,
Smc_ExpBoardSMC_0101,Scanner_PsuIPOKStatus_01010F02,100,false,1,1,0,641,0,0,
Smc_ExpBoardSMC_0101,Scanner_PsuOPOKStatus_01010F03,2000,false,0,1,16937,0,1,1,
Smc_ExpBoardSMC_0101,Scanner_PsuOPOKStatus_01010F02,2000,false,0,1,16937,0,1,1,
Smc_ExpBoardSMC_0101,Scanner_PsuOPOKStatus_01010F01,2000,false,0,1,16937,0,1,1,
Smc_ExpBoardSMC_0101,Scanner_PsuOPOKStatus_01011002,2000,false,0,1,16937,0,1,1,
Smc_ExpBoardSMC_0101,Scanner_PsuOPOKStatus_01011003,2000,false,0,1,16937,0,1,1,
Smc_ExpBoardSMC_0101,Scanner_RightEar_0101,8000,false,0,1,4544,0,1,1,
Smc_ExpBoardSMC_0101,Scanner_PsuIPOKStatus_01011003,100,false,1,1,0,641,0,0,
Smc_ExpBoardSMC_0101,Scanner_SerdesLom1Pres_0101,2000,false,0,1,16192,0,1,1,
Smc_ExpBoardSMC_0101,Scanner_SerdesLom1Pres_01010A,2000,false,0,1,16191,0,1,1,
Smc_ExpBoardSMC_0101,Scanner_UIDButtonEvent_0101,1000,false,0,1,28284,0,0,1,
Smc_ExpBoardSMC_0101,Scanner_PsuIPOKStatus_01010F01,100,false,0,1,87481,0,1,2,
Smc_ExpBoardSMC_0101,Scanner_UIDButtonLongEvent_0101,1000,false,0,1,28284,0,0,1,
Smc_ExpBoardSMC_0101,Scanner_LeftEar_0101,8000,false,0,1,4544,0,1,1,
Smc_ExpBoardSMC_0101,Scanner_PowerOnTimeout_0101,1000,false,0,1,28284,0,0,1,
Smc_ExpBoardSMC_0101,Scanner_100M1ClockFailMntr_0101,1000,false,0,1,28256,0,0,1,
Smc_ExpBoardSMC_0101,Scanner_Smc_ExpBoardSMC_PS2Pres_010110,2000,false,0,1,16192,0,1,1,
Smc_ExpBoardSMC_0101,Scanner_PowerGdFlash_0101,1000,false,0,1,28284,0,1,2,
Smc_ExpBoardSMC_0101,Scanner_Smc_ExpBoardSMC_PS3Pres_010110,2000,false,0,1,16192,0,1,1,
Smc_ExpBoardSMC_0101,Scanner_ExpMos2TempHigh_0101,1000,false,0,1,28284,0,0,1,
Smc_ExpBoardSMC_0101,Scanner_Smc_ExpBoardSMC_PS1Pres_010110,2000,false,0,1,16191,0,1,1,
Smc_ExpBoardSMC_0101,Scanner_FanCableMntr_0101,8000,false,0,1,4545,0,1,1,
Smc_ExpBoardSMC_0101,Scanner_CLU_1_0101,8000,false,0,1,4545,0,1,1,
Smc_ExpBoardSMC_0101,Scanner_ExpMos3TempHigh_0101,1000,false,0,1,28284,0,0,1,
Smc_ExpBoardSMC_0101,Scanner_ECUSys3V1_0101,3000,false,0,1,11334,0,2757,55,
Smc_ExpBoardSMC_0101,Scanner_SerdesLom2Pres_0101,2000,false,0,1,16192,0,0,1,
Smc_ExpBoardSMC_0101,Scanner_SerdesLom2Pres_01010A,2000,false,0,1,16191,0,0,1,
Smc_ExpBoardSMC_0101,Scanner_ECUSys5V2_0101,1000,false,0,1,28284,0,2798,54,
Smc_ExpBoardSMC_0101,Scanner_Fan_Pwr_01010A,1000,false,0,1,28283,0,2798,4867,
Smc_ExpBoardSMC_0101,Scanner_ExpMos1TempHigh_0101,1000,false,0,1,28284,0,0,1,
Smc_ExpBoardSMC_0101,Scanner_SerdesLom2CardType_0101,2000,false,0,1,16192,0,1,1,
Smc_ExpBoardSMC_0101,Scanner_Lom2Port2Link_010105,3000,false,0,1,11333,0,0,1,
Smc_ExpBoardSMC_0101,Scanner_50M1ClockFailMntr_0101,1000,false,0,1,28283,0,0,1,
Smc_ExpBoardSMC_0101,Scanner_Lom1Port1Link_010105,3000,false,0,1,11333,0,0,1,
Smc_ExpBoardSMC_0101,Scanner_Switch_0101,8000,false,0,1,4545,0,1,1,
Smc_ExpBoardSMC_0101,Scanner_PsuIPOKStatus_01010F03,100,false,1,1,0,641,0,0,
Smc_ExpBoardSMC_0101,Scanner_SEU_1_0101,8000,false,0,1,4545,0,1,1,
Smc_ExpBoardSMC_0101,Scanner_HddBPPresent_01010A,8000,false,0,1,4545,0,1,1,
Smc_ExpBoardSMC_0101,Scanner_PsuIPOKStatus_01011001,100,false,0,1,87476,0,1,2,
Smc_ExpBoardSMC_0101,Scanner_PsuOPOKStatus_01011001,2000,false,0,1,16936,0,1,1,
Smc_ExpBoardSMC_0101,Scanner_Adc_Status_0101,2000,false,0,1,16192,0,0,1,
Smc_ExpBoardSMC_0101,Scanner_SEU_3_0101,8000,false,0,1,4545,0,1,1,
Smc_ExpBoardSMC_0101,Scanner_PsuIPOKStatus_01011002,100,false,0,1,87480,0,1,2,
Smc_ExpBoardSMC_0101,Scanner_PwrOkSigDrop_0101,1000,false,0,1,28284,0,0,1,
Smc_ExpBoardSMC_0101,Scanner_SerdesLom1CardType_0101,2000,false,0,1,16192,0,0,1,
Smc_ExpBoardSMC_0101,Scanner_NIC1PowerGood_010105,100,false,0,1,87507,0,1,2,
Smc_ExpBoardSMC_0101,Scanner_M2_1_0101,8000,false,0,1,4545,0,1,1,
Smc_ExpBoardSMC_0101,Scanner_PS2Pres_0101,2000,false,0,1,16940,0,1,1,
Smc_ExpBoardSMC_0101,Scanner_NIC2PowerGood_010105,100,false,0,1,87507,0,0,1,
Smc_ExpBoardSMC_0101,Scanner_PowerBtnEvt_0101,1000,false,0,1,28284,0,0,1,
Smc_ExpBoardSMC_0101,Scanner_SEU_2_0101,8000,false,0,1,4545,0,1,1,
Smc_ExpBoardSMC_0101,Scanner_Smc_ExpBoardSMC_PS2Pres_01010F,2000,false,0,1,16192,0,1,1,
Smc_ExpBoardSMC_0101,Scanner_Lom1Port2Link_010105,3000,false,0,1,11333,0,0,1,
Smc_ExpBoardSMC_0101,Scanner_PS1Pres_0101,2000,false,0,1,16940,0,1,1,
Smc_ExpBoardSMC_0101,Scanner_CLU_2_0101,8000,false,0,1,4545,0,1,1,
Smc_ExpBoardSMC_0101,Scanner_Lom2Port1Link_010105,3000,false,0,1,11333,0,0,1,
Smc_ExpBoardSMC_0101,Scanner_ECUSys5V1_0101,3000,false,0,1,11306,0,2784,2,
Smc_ExpBoardSMC_0101,Scanner_EXUPwrOnTimeOut_0101,400,false,0,1,51320,0,0,1,
Smc_FanBoardSMC_1_0101,Scanner_Smc_FanBoardSMC_Fan1_RSpeed_010103,1000,false,0,1,33820,0,2640,35,
Smc_FanBoardSMC_1_0101,Scanner_Fan_RSpeed_01010300,1000,false,0,1,33758,0,2640,10,
Smc_FanBoardSMC_1_0101,Scanner_Smc_FanBoardSMC_FanBrdTemp_010103,2000,false,0,1,17629,0,0,3,
Smc_FanBoardSMC_1_0101,Scanner_Smc_FanBoardSMC_Fan5_Presence_010103,2000,false,0,1,17602,0,1,1,
Smc_FanBoardSMC_1_0101,Scanner_Fan_Presence_01010308,2000,false,0,1,17566,0,1,1,
Smc_FanBoardSMC_1_0101,Scanner_Smc_FanBoardSMC_Fan5_FSpeed_010103,1000,false,0,1,33819,0,6060,448,
Smc_FanBoardSMC_1_0101,Scanner_Fan_FSpeed_01010308,1000,false,0,1,33757,0,6060,417,
Smc_FanBoardSMC_1_0101,Scanner_Smc_FanBoardSMC_Fan2_Presence_010103,2000,false,0,1,17602,0,1,1,
Smc_FanBoardSMC_1_0101,Scanner_Fan_Presence_01010302,2000,false,0,1,17567,0,1,1,
Smc_FanBoardSMC_1_0101,Scanner_Smc_FanBoardSMC_Fan5_RSpeed_010103,1000,false,0,1,33819,0,4620,2,
Smc_FanBoardSMC_1_0101,Scanner_Fan_RSpeed_01010308,1000,false,0,1,33757,0,4620,2,
Smc_FanBoardSMC_1_0101,Scanner_Smc_FanBoardSMC_Fan4_RSpeed_010103,1000,false,0,1,33820,0,2640,935,
Smc_FanBoardSMC_1_0101,Scanner_Fan_RSpeed_01010306,1000,false,0,1,33758,0,2640,930,
Smc_FanBoardSMC_1_0101,Scanner_Smc_FanBoardSMC_Fan7_RSpeed_010103,1000,false,0,1,33820,0,4620,5,
Smc_FanBoardSMC_1_0101,Scanner_Fan_RSpeed_0101030C,1000,false,0,1,33759,0,4620,3,
Smc_FanBoardSMC_1_0101,Scanner_Smc_FanBoardSMC_Fan4_FSpeed_010103,1000,false,0,1,33820,0,3480,942,
Smc_FanBoardSMC_1_0101,Scanner_Fan_FSpeed_01010306,1000,false,0,1,33758,0,3480,922,
Smc_FanBoardSMC_1_0101,Scanner_Smc_FanBoardSMC_Fan1_Presence_010103,2000,false,0,1,17602,0,1,1,
Smc_FanBoardSMC_1_0101,Scanner_Fan_Presence_01010300,2000,false,0,1,17565,0,1,1,
Smc_FanBoardSMC_1_0101,Scanner_Smc_FanBoardSMC_Fan4_Presence_010103,2000,false,0,1,17602,0,1,1,
Smc_FanBoardSMC_1_0101,Scanner_Fan_Presence_01010306,2000,false,0,1,17566,0,1,1,
Smc_FanBoardSMC_1_0101,Scanner_Smc_FanBoardSMC_Fan3_RSpeed_010103,1000,false,0,1,33819,0,2640,901,
Smc_FanBoardSMC_1_0101,Scanner_Fan_RSpeed_01010304,1000,false,0,1,33758,0,2640,885,
Smc_FanBoardSMC_1_0101,Scanner_Smc_FanBoardSMC_Fan2_RSpeed_010103,1000,false,0,1,33819,0,2640,25,
Smc_FanBoardSMC_1_0101,Scanner_Fan_RSpeed_01010302,1000,false,0,1,33758,0,2640,9,
Smc_FanBoardSMC_1_0101,Scanner_Smc_FanBoardSMC_Fan7_FSpeed_010103,1000,false,0,1,33820,0,6120,27799,
Smc_FanBoardSMC_1_0101,Scanner_Fan_FSpeed_0101030C,1000,false,0,1,33759,0,6120,27783,
Smc_FanBoardSMC_1_0101,Scanner_Smc_FanBoardSMC_Fan6_FSpeed_010103,1000,false,0,1,33819,0,6060,13312,
Smc_FanBoardSMC_1_0101,Scanner_Fan_FSpeed_0101030A,1000,false,0,1,33757,0,6060,13270,
Smc_FanBoardSMC_1_0101,Scanner_Smc_FanBoardSMC_Fan3_Presence_010103,2000,false,0,1,17603,0,1,1,
Smc_FanBoardSMC_1_0101,Scanner_Fan_Presence_01010304,2000,false,0,1,17567,0,1,1,
Smc_FanBoardSMC_1_0101,Scanner_Smc_FanBoardSMC_Fan6_RSpeed_010103,1000,false,0,1,33819,0,4620,16,
Smc_FanBoardSMC_1_0101,Scanner_Fan_RSpeed_0101030A,1000,false,0,1,33757,0,4620,16,
Smc_FanBoardSMC_1_0101,Scanner_Smc_FanBoardSMC_FanPwr1_010103,2000,false,0,1,17602,0,205,9864,
Smc_FanBoardSMC_1_0101,Scanner_Smc_FanBoardSMC_Fan3_FSpeed_010103,1000,false,0,1,33819,0,3480,923,
Smc_FanBoardSMC_1_0101,Scanner_Fan_FSpeed_01010304,1000,false,0,1,33758,0,3480,901,
Smc_FanBoardSMC_1_0101,Scanner_Smc_FanBoardSMC_Fan8_FSpeed_010103,1000,false,0,1,33820,0,6060,3097,
Smc_FanBoardSMC_1_0101,Scanner_Fan_FSpeed_0101030E,1000,false,0,1,33759,0,6060,3082,
Smc_FanBoardSMC_1_0101,Scanner_Smc_FanBoardSMC_Fan8_Presence_010103,2000,false,0,1,17602,0,1,1,
Smc_FanBoardSMC_1_0101,Scanner_Fan_Presence_0101030E,2000,false,0,1,17566,0,1,1,
Smc_FanBoardSMC_1_0101,Scanner_Smc_FanBoardSMC_Fan7_Presence_010103,2000,false,0,1,17602,0,1,1,
Smc_FanBoardSMC_1_0101,Scanner_Fan_Presence_0101030C,2000,false,0,1,17566,0,1,1,
Smc_FanBoardSMC_1_0101,Scanner_Smc_FanBoardSMC_Fan8_RSpeed_010103,1000,false,0,1,33820,0,4620,3,
Smc_FanBoardSMC_1_0101,Scanner_Fan_RSpeed_0101030E,1000,false,0,1,33759,0,4620,3,
Smc_FanBoardSMC_1_0101,Scanner_Smc_FanBoardSMC_Fan1_FSpeed_010103,1000,false,0,1,33820,0,3480,754,
Smc_FanBoardSMC_1_0101,Scanner_Fan_FSpeed_01010300,1000,false,0,1,33758,0,3480,737,
Smc_FanBoardSMC_1_0101,Scanner_Smc_FanBoardSMC_Fan6_Presence_010103,2000,false,0,1,17602,0,1,1,
Smc_FanBoardSMC_1_0101,Scanner_Fan_Presence_0101030A,2000,false,0,1,17566,0,1,1,
Smc_FanBoardSMC_1_0101,Scanner_Smc_FanBoardSMC_Fan2_FSpeed_010103,1000,false,0,1,33819,0,3480,112,
Smc_FanBoardSMC_1_0101,Scanner_Fan_FSpeed_01010302,1000,false,0,1,33758,0,3480,67,
Smc_FanBoardSMC_1_0101,Scanner_Smc_FanBoardSMC_FanPwr2_010103,2000,false,0,1,17603,0,621,10687,
Chip_INA226_80_010115,Scanner_Chip_INA226_80_010115,3000,false,0,1,4973,0,2060,3960,
Chip_EMC1413_98_010115,Scanner_Chip_EMC1413_98_010115,1000,false,0,1,7212,0,25,64,
Chip_INA226_82_010115,Scanner_Chip_INA226_82_010115,3000,false,0,1,4973,0,33805,4298,
Smc_FanBoardSMC_1_0101,Accessor_Smc_FanBoardSMC_Fan6PWM_010103,,,0,,1292,0,89,2,
Smc_FanBoardSMC_1_0101,Accessor_Smc_FanBoardSMC_Fan1PWM_010103,,,0,,1296,0,51,3,
Smc_FanBoardSMC_1_0101,Accessor_Smc_FanBoardSMC_Fan7PWM_010103,,,0,,1292,0,89,2,
Smc_FanBoardSMC_1_0101,Accessor_Smc_FanBoardSMC_FanPwr1_010103,,,0,,629,0,211,581,
Smc_FanBoardSMC_1_0101,Accessor_Smc_FanBoardSMC_Fan8PWM_010103,,,0,,1292,0,89,2,
Smc_FanBoardSMC_1_0101,Accessor_Smc_FanBoardSMC_Fan3PWM_010103,,,0,,1696,0,51,103,
Smc_FanBoardSMC_1_0101,Accessor_Smc_FanBoardSMC_PcbID_010103,,,0,,2,0,9,1,
Smc_FanBoardSMC_1_0101,Accessor_Smc_FanBoardSMC_Fan4PWM_010103,,,0,,1684,0,51,100,
Smc_FanBoardSMC_1_0101,Accessor_Smc_FanBoardSMC_LogicVersionID_010103,,,0,,126,0,4,1,
Smc_FanBoardSMC_1_0101,Accessor_Smc_FanBoardSMC_Fan2PWM_010103,,,0,,1296,0,51,3,
Smc_FanBoardSMC_1_0101,Accessor_Smc_FanBoardSMC_Fan5PWM_010103,,,0,,1292,0,89,2,
Smc_FanBoardSMC_1_0101,Accessor_Smc_FanBoardSMC_CLUWP_010103,,,4,,0,0,0,0,
Smc_FanBoardSMC_1_0101,Accessor_Smc_FanBoardSMC_FanPwr2_010103,,,4,,0,0,0,0,
Smc_ExpBoardSMC_0101,Accessor_Nic2Lm75_0101,,,4,,0,0,0,0,
Smc_ExpBoardSMC_0101,Accessor_LongPushButton_0101,,,4,,0,0,0,0,
Smc_ExpBoardSMC_0101,Accessor_PowerGd_0101011A,,,4,,0,0,0,0,
Smc_ExpBoardSMC_0101,Accessor_Smc_ExpBoardSMC_RpebWP_01010F,,,4,,0,0,0,0,
Smc_ExpBoardSMC_0101,Accessor_PowerBtnLock_0101,,,4,,0,0,0,0,
Smc_ExpBoardSMC_0101,Accessor_PowerGd_01010418,,,0,,2,0,1,1,
Smc_ExpBoardSMC_0101,Accessor_PowerGd_01010416,,,0,,2,0,1,1,
Smc_ExpBoardSMC_0101,Accessor_JtagSwitch_0101,,,4,,0,0,0,0,
Smc_ExpBoardSMC_0101,Accessor_PowerGd_0101030A,,,0,,2,0,1,1,
Smc_ExpBoardSMC_0101,Accessor_PowerGd_01010410,,,0,,2,0,1,1,
Smc_ExpBoardSMC_0101,Accessor_PowerBtnEvt_0101,,,0,,34625,0,0,1,
Smc_ExpBoardSMC_0101,Accessor_PowerGd_01010300,,,0,,2,0,1,1,
Smc_ExpBoardSMC_0101,Accessor_LeftLedTube_0101,,,4,,0,0,64,0,
Smc_ExpBoardSMC_0101,Accessor_PowerBtnShield_0101,,,4,,0,0,0,0,
Smc_ExpBoardSMC_0101,Accessor_PowerGd_0101030C,,,0,,2,0,1,1,
Smc_ExpBoardSMC_0101,Accessor_EXUWP_0101,,,4,,0,0,0,0,
Smc_ExpBoardSMC_0101,Accessor_PowerOnLock_0101,,,4,,0,0,0,0,
Smc_ExpBoardSMC_0101,Accessor_VGADftSwitch_010101,,,4,,0,0,0,0,
Smc_ExpBoardSMC_0101,Accessor_PowerGd_0101,,,4,,0,0,0,0,
Smc_ExpBoardSMC_0101,Accessor_AC_0101,,,4,,0,0,0,0,
Smc_ExpBoardSMC_0101,Accessor_PowerGd_01010414,,,0,,3,0,1,1,
Smc_ExpBoardSMC_0101,Accessor_PowerGd_01010412,,,0,,1,0,1,1,
Smc_ExpBoardSMC_0101,Accessor_JtagSwitch_010101,,,4,,0,0,0,0,
Smc_ExpBoardSMC_0101,Accessor_PowerGd_01010308,,,0,,2,0,1,1,
Smc_ExpBoardSMC_0101,Accessor_MidLedTube_0101,,,4,,0,0,64,0,
Smc_ExpBoardSMC_0101,Accessor_NCSI_0101,,,0,,14788,0,0,1,
Smc_ExpBoardSMC_0101,Accessor_Adc5VccVlot_0101,,,4,,0,0,0,0,
Smc_ExpBoardSMC_0101,Accessor_RightLedTube_0101,,,4,,0,0,64,0,
Smc_ExpBoardSMC_0101,Accessor_UIDButtonLongEvent_0101,,,4,,0,0,0,0,
Smc_ExpBoardSMC_0101,Accessor_DftEnable_0101,,,4,,0,0,0,0,
Smc_ExpBoardSMC_0101,Accessor_PowerGd_0101030E,,,0,,2,0,1,1,
Smc_ExpBoardSMC_0101,Accessor_Adc4VccVlot_0101,,,4,,0,0,0,0,
Smc_ExpBoardSMC_0101,Accessor_Smc_ExpBoardSMC_RpebWP_010110,,,4,,0,0,0,0,
Smc_ExpBoardSMC_0101,Accessor_Switch_Mode_0101,,,0,,1,0,8,1,
Smc_ExpBoardSMC_0101,Accessor_PowerGd_010102,,,4,,0,0,0,0,
Smc_ExpBoardSMC_0101,Accessor_USBGreenLed_0101,,,4,,0,0,0,0,
Smc_ExpBoardSMC_0101,Accessor_BOMVer_0101,,,0,,1,0,0,1,
Smc_ExpBoardSMC_0101,Accessor_EXPBLm75ACC_0101,,,4,,0,0,0,0,
Smc_ExpBoardSMC_0101,Accessor_CpldTest_0101,,,0,,3096,0,170,517,
Smc_ExpBoardSMC_0101,Accessor_LogicVersionID_0101,,,0,,124,0,4,1,
Smc_ExpBoardSMC_0101,Accessor_NCSIChannel_0101,,,0,,2,0,4,1,
Smc_ExpBoardSMC_0101,Accessor_USBRedLed_0101,,,4,,0,0,0,0,
Smc_ExpBoardSMC_0101,Accessor_SysHealthLedAccessor_0101,,,4,,0,0,144,0,
Smc_ExpBoardSMC_0101,Accessor_LedColorAccessor_0101,,,4,,0,0,3,0,
Smc_ExpBoardSMC_0101,Accessor_JtagSwitch_01010D,,,4,,0,0,0,0,
Smc_ExpBoardSMC_0101,Accessor_Cdr5902L_AccNotify_010105,,,0,,3744,0,0,1,
Smc_ExpBoardSMC_0101,Accessor_BmcStartFlag_010101,,,0,,7475,0,1,2,
Smc_ExpBoardSMC_0101,Accessor_PowerGd_01010C,,,4,,0,0,0,0,
Smc_ExpBoardSMC_0101,Accessor_AC_010101,,,4,,0,0,0,0,
Smc_ExpBoardSMC_0101,Accessor_PowerGd_01010306,,,0,,2,0,1,1,
Smc_ExpBoardSMC_0101,Accessor_PcbID_0101,,,0,,2,0,4,1,
Smc_ExpBoardSMC_0101,Accessor_Smc_ExpBoardSMC_JtagSwitch_010103,,,4,,0,0,0,0,
Smc_ExpBoardSMC_0101,Accessor_LogicVerId_0101,,,0,,4,0,4,1,
Smc_ExpBoardSMC_0101,Accessor_JtagSwitch_010102,,,4,,0,0,0,0,
Smc_ExpBoardSMC_0101,Accessor_JtagSwitch_01010C,,,4,,0,0,0,0,
Smc_ExpBoardSMC_0101,Accessor_UIDLedAccessor_0101,,,0,,2,0,0,1,
Smc_ExpBoardSMC_0101,Accessor_PowerGd_01010D,,,4,,0,0,0,0,
Smc_ExpBoardSMC_0101,Accessor_PowerGd_01010302,,,0,,2,0,1,1,
Smc_ExpBoardSMC_0101,Accessor_Smc_ExpBoardSMC_JtagSwitch_010104,,,4,,0,0,0,0,
Smc_ExpBoardSMC_0101,Accessor_UIDButtonEvent_0101,,,4,,0,0,0,0,
Smc_ExpBoardSMC_0101,Accessor_PowerGd_01010304,,,0,,2,0,1,1,
Smc_ExpBoardSMC_0101,Accessor_Adc6VccVlot_0101,,,4,,0,0,0,0,
Smc_ExpBoardSMC_0101,Accessor_ShortPushButton_0101,,,4,,0,0,1,0,
Smc_ExpBoardSMC_0101,Accessor_ReadyToRemove_010105,,,4,,0,0,0,0,
Smc_CpuBrdSMC_0101,Accessor_ForceRst_010101,,,4,,0,0,0,0,
Smc_CpuBrdSMC_0101,Accessor_ClearSystemCPUErrorRestart_010101,,,4,,0,0,1,0,
Smc_CpuBrdSMC_0101,Accessor_Cpu2ClearThermalTripAccessor_010101,,,4,,0,0,0,0,
Smc_CpuBrdSMC_0101,Accessor_CpuType_010101,,,0,,10,0,4,1,
Smc_CpuBrdSMC_0101,Accessor_BCUWP_010101,,,4,,0,0,0,0,
Smc_CpuBrdSMC_0101,Accessor_LogicVerId_010101,,,0,,2,0,108,1,
Smc_CpuBrdSMC_0101,Accessor_ErrModuleStatus2_010101,,,4,,0,0,0,0,
Smc_CpuBrdSMC_0101,Accessor_Adc3VccVlot_0101011A,,,4,,0,0,0,0,
Smc_CpuBrdSMC_0101,Accessor_Adc2VccVlot_0101011A,,,4,,0,0,0,0,
Smc_CpuBrdSMC_0101,Accessor_ResetPmu_010101,,,4,,0,0,0,0,
Smc_CpuBrdSMC_0101,Accessor_Adc6VccVlot_0101011A,,,4,,0,0,0,0,
Smc_CpuBrdSMC_0101,Accessor_LogicVersionID_010101,,,0,,124,0,108,1,
Smc_CpuBrdSMC_0101,Accessor_GetFlashSize_0101011A,,,4,,0,0,0,0,
Smc_CpuBrdSMC_0101,Accessor_IssueRecoredAcc_010101,,,4,,0,0,0,0,
Smc_CpuBrdSMC_0101,Accessor_BTCChannelMode_010101,,,0,,3,0,3,1,
Smc_CpuBrdSMC_0101,Accessor_SetFlashReadPos_0101011A,,,4,,0,0,0,0,
Smc_CpuBrdSMC_0101,Accessor_LatchRecoredAcc_010101,,,4,,0,0,0,0,
Smc_CpuBrdSMC_0101,Accessor_CPU1RstOut_010101,,,4,,0,0,0,0,
Smc_CpuBrdSMC_0101,Accessor_Adc4STBVlot_0101011A,,,4,,0,0,0,0,
Smc_CpuBrdSMC_0101,Accessor_ErrModuleStatus1_010101,,,4,,0,0,0,0,
Smc_CpuBrdSMC_0101,Accessor_Adc1VccVlot_0101011A,,,4,,0,0,0,0,
Smc_CpuBrdSMC_0101,Accessor_Cpu1ClearThermalTripAccessor_010101,,,4,,0,0,0,0,
Smc_CpuBrdSMC_0101,Accessor_PcbID_010101,,,0,,3,0,2,1,
Smc_CpuBrdSMC_0101,Accessor_SecureBootEnableState_010101,,,0,,2,0,192,1,
Smc_CpuBrdSMC_0101,Accessor_RtcVlot_0101011A,,,4,,0,0,0,0,
Smc_CpuBrdSMC_0101,Accessor_Cpld2VersionID_010101,,,0,,6,0,108,1,
Smc_CpuBrdSMC_0101,Accessor_SecureBootVerifyCompletionCode_010101,,,0,,2,0,213,1,
Smc_CpuBrdSMC_0101,Accessor_ChassisIntrusionACOffClear_0101,,,4,,0,0,0,0,
Smc_CpuBrdSMC_0101,Accessor_DftEnable_010101,,,4,,0,0,0,0,
Smc_CpuBrdSMC_0101,Accessor_CMOS_010101,,,4,,0,0,0,0,
Smc_CpuBrdSMC_0101,Accessor_ChassisIntrusionACOnClear_0101,,,4,,0,0,0,0,
Smc_CpuBrdSMC_0101,Accessor_CPU2RstOut_010101,,,4,,0,0,0,0,
Smc_CpuBrdSMC_0101,Accessor_NmiInt_010101,,,4,,0,0,0,0,
Smc_CpuBrdSMC_0101,Accessor_SysRstDetected_010101,,,0,,4,0,0,1,
Smc_CpuBrdSMC_0101,Accessor_ErrModuleInfo_010101,,,4,,0,0,0,0,
Smc_CpuBrdSMC_0101,Accessor_SecureBootVerifyState_010101,,,0,,2,0,0,1,
Smc_CpuBrdSMC_0101,Accessor_SecureBootEnableCompletionCode_010101,,,0,,2,0,213,1,
Smc_CpuBrdSMC_0101,Accessor_CpldTest_010101,,,0,,3096,0,170,517,
Smc_FanBoardSMC_2_0101,Accessor_Smc_FanBoardSMC_CLUWP_010104,,,4,,0,0,0,0,
Smc_FanBoardSMC_2_0101,Accessor_Smc_FanBoardSMC_Fan13PWM_010104,,,0,,1294,0,89,4,
Smc_FanBoardSMC_2_0101,Accessor_Smc_FanBoardSMC_Fan12PWM_010104,,,0,,1294,0,89,3,
Smc_FanBoardSMC_2_0101,Accessor_Smc_FanBoardSMC_PcbID_010104,,,0,,2,0,9,1,
Smc_FanBoardSMC_2_0101,Accessor_Smc_FanBoardSMC_Fan11PWM_010104,,,0,,1290,0,89,3,
Smc_FanBoardSMC_2_0101,Accessor_Smc_FanBoardSMC_FanPwr2_010104,,,4,,0,0,0,0,
Smc_FanBoardSMC_2_0101,Accessor_Smc_FanBoardSMC_Fan10PWM_010104,,,0,,1290,0,89,3,
Smc_FanBoardSMC_2_0101,Accessor_Smc_FanBoardSMC_Fan9PWM_010104,,,0,,1290,0,89,4,
Smc_FanBoardSMC_2_0101,Accessor_Smc_FanBoardSMC_FanPwr1_010104,,,0,,628,0,211,540,
Smc_FanBoardSMC_2_0101,Accessor_Smc_FanBoardSMC_LogicVersionID_010104,,,0,,126,0,3,1,
Smc_EnclSMC_01010D,Accessor_PcbID_01010D,,,0,,2,0,1,1,
Smc_EnclSMC_01010D,Accessor_Drive2FaultAccessor_01010D,,,4,,0,0,0,0,
Smc_EnclSMC_01010D,Accessor_LogicVerId_01010D,,,0,,2,0,1,1,
Smc_EnclSMC_01010D,Accessor_Drive0LocateAccessor_01010D,,,4,,0,0,0,0,
Smc_EnclSMC_01010D,Accessor_Drive1LocateAccessor_01010D,,,4,,0,0,0,0,
Smc_EnclSMC_01010D,Accessor_CpldTest_01010D,,,0,,3096,0,170,517,
Smc_EnclSMC_01010D,Accessor_Drive2LocateAccessor_01010D,,,4,,0,0,0,0,
Smc_EnclSMC_01010D,Accessor_Drive3FaultAccessor_01010D,,,4,,0,0,0,0,
Smc_EnclSMC_01010D,Accessor_SEUWP_01010D,,,4,,0,0,0,0,
Smc_EnclSMC_01010D,Accessor_Drive3LocateAccessor_01010D,,,4,,0,0,0,0,
Smc_EnclSMC_01010D,Accessor_Drive0FaultAccessor_01010D,,,4,,0,0,0,0,
Smc_EnclSMC_01010D,Accessor_LogicVersionID_01010D,,,0,,124,0,1,1,
Smc_EnclSMC_01010D,Accessor_Drive1FaultAccessor_01010D,,,4,,0,0,0,0,
Smc_EnclSMC_01010D,Accessor_LedTest_01010D,,,4,,0,0,0,0,
Eeprom_Switch_0101,Accessor_Switch_0101,,,0,,1,0,825241654,1,
Smc_SwitchBoardSMC_0101,Accessor_CpldTest_010115,,,0,,3096,0,170,517,
Smc_SwitchBoardSMC_0101,Accessor_LogicVersionID_010115,,,0,,2,0,1,1,
Smc_EnclSMC_01010C,Accessor_Drive1FaultAccessor_01010C,,,4,,0,0,0,0,
Smc_EnclSMC_01010C,Accessor_LogicVersionID_01010C,,,0,,124,0,1,1,
Smc_EnclSMC_01010C,Accessor_Drive2FaultAccessor_01010C,,,4,,0,0,0,0,
Smc_EnclSMC_01010C,Accessor_CpldTest_01010C,,,0,,3096,0,170,517,
Smc_EnclSMC_01010C,Accessor_Drive1LocateAccessor_01010C,,,4,,0,0,0,0,
Smc_EnclSMC_01010C,Accessor_Drive3FaultAccessor_01010C,,,4,,0,0,0,0,
Smc_EnclSMC_01010C,Accessor_SEUWP_01010C,,,4,,0,0,0,0,
Smc_EnclSMC_01010C,Accessor_Drive2LocateAccessor_01010C,,,4,,0,0,0,0,
Smc_EnclSMC_01010C,Accessor_LogicVerId_01010C,,,0,,2,0,1,1,
Smc_EnclSMC_01010C,Accessor_Drive0LocateAccessor_01010C,,,4,,0,0,0,0,
Smc_EnclSMC_01010C,Accessor_Drive3LocateAccessor_01010C,,,4,,0,0,0,0,
Smc_EnclSMC_01010C,Accessor_Drive0FaultAccessor_01010C,,,4,,0,0,0,0,
Smc_EnclSMC_01010C,Accessor_LedTest_01010C,,,4,,0,0,0,0,
Smc_EnclSMC_01010C,Accessor_PcbID_01010C,,,0,,2,0,7,1,
Pca9555_NIC_010105,Accessor_Cdr5902L_ChSwitch_010105,,,4,,0,0,1,0,
Chip_Gpio_56_01,Accessor_Gpio56_01,,,4,,0,0,0,0,
Smc_EnclSMC_010102,Accessor_LedTest_010102,,,4,,0,0,0,0,
Smc_EnclSMC_010102,Accessor_Drive3LocateAccessor_010102,,,4,,0,0,0,0,
Smc_EnclSMC_010102,Accessor_SEUWP_010102,,,4,,0,0,0,0,
Smc_EnclSMC_010102,Accessor_Drive1FaultAccessor_010102,,,4,,0,0,0,0,
Smc_EnclSMC_010102,Accessor_LogicVersionID_010102,,,0,,124,0,1,1,
Smc_EnclSMC_010102,Accessor_Drive0LocateAccessor_010102,,,4,,0,0,0,0,
Smc_EnclSMC_010102,Accessor_Drive2FaultAccessor_010102,,,4,,0,0,0,0,
Smc_EnclSMC_010102,Accessor_Drive2LocateAccessor_010102,,,4,,0,0,0,0,
Smc_EnclSMC_010102,Accessor_LogicVerId_010102,,,0,,2,0,1,1,
Smc_EnclSMC_010102,Accessor_Drive1LocateAccessor_010102,,,4,,0,0,0,0,
Smc_EnclSMC_010102,Accessor_PcbID_010102,,,0,,2,0,7,1,
Smc_EnclSMC_010102,Accessor_CpldTest_010102,,,0,,3096,0,170,517,
Smc_EnclSMC_010102,Accessor_Drive0FaultAccessor_010102,,,4,,0,0,0,0,
Smc_EnclSMC_010102,Accessor_Drive3FaultAccessor_010102,,,4,,0,0,0,0,
